{
  "equipes": [
    {
      "id": "equipe1",
      "nome": "Equipe 01 - Saúde da Família Norte",
      "slug": "equipe1",
      "descricao": "Atende região norte do território",
      "microareas": [ "Microárea 01", "Microárea 02", "Microárea 03", "Microárea 04" ],
      "profissionais": {
        "acs": [
          {
            "nome": "Maria Silva",
            "registro": "ACS-001",
            "microarea": "Microárea 01",
            "ativo": true,
            "telefone": "(11) 99999-9999"
          },
          {
            "nome": "João Santos",
            "registro": "ACS-002",
            "microarea": "Microárea B",
            "ativo": true,
            "telefone": "(11) 98888-8888"
          },
          {
            "nome": "Ana Oliveira",
            "registro": "ACS-003",
            "microarea": "Microárea C",
            "ativo": true,
            "telefone": "(11) 97777-7777"
          }
        ],
        "enfermeiro": {
          "nome": "Dra. Carla Mendes",
          "registro": "COREN 123.456-ENF",
          "especializacao": "Mestre em Saúde Coletiva",
          "telefone": "(11) 95555-5555"
        },
        "medico": {
          "nome": "Dr. Roberto Almeida",
          "registro": "CRM 98.765-SP",
          "especializacao": "Medicina de Família e Comunidade",
          "telefone": "(11) 94444-4444"
        }
      }
    },
    {
      "id": "equipe2",
      "nome": "Equipe 02 - Saúde da Família Sul",
      "slug": "equipe2",
      "descricao": "Atende região sul do território",
      "microareas": [ "Microárea E", "Microárea F", "Microárea G", "Microárea H" ],
      "profissionais": {
        "acs": [
          {
            "nome": "Fernanda Lima",
            "registro": "ACS-005",
            "microarea": "Microárea E",
            "ativo": true,
            "telefone": "(11) 93333-3333"
          },
          {
            "nome": "Ricardo Souza",
            "registro": "ACS-006",
            "microarea": "Microárea F",
            "ativo": true,
            "telefone": "(11) 92222-2222"
          }
        ],
        "enfermeiro": {
          "nome": "Dra. Patrícia Santos",
          "registro": "COREN 789.012-ENF",
          "especializacao": "Especialista em Saúde da Família",
          "telefone": "(11) 91111-1111"
        },
        "medico": {
          "nome": "Dra. Juliana Costa",
          "registro": "CRM 12.345-SP",
          "especializacao": "Pediatria e Saúde da Família",
          "telefone": "(11) 90000-0000"
        }
      }
    },
    {
      "id": "equipe3",
      "nome": "Equipe 03 - Saúde da Família Leste",
      "slug": "equipe3",
      "descricao": "Atende região leste do território",
      "microareas": [ "Microárea I", "Microárea J", "Microárea K", "Microárea L" ],
      "profissionais": {
        "acs": [
          {
            "nome": "Carlos Eduardo",
            "registro": "ACS-007",
            "microarea": "Microárea I",
            "ativo": true,
            "telefone": "(11) 87777-7777"
          },
          {
            "nome": "Mariana Oliveira",
            "registro": "ACS-008",
            "microarea": "Microárea J",
            "ativo": true,
            "telefone": "(11) 86666-6666"
          },
          {
            "nome": "Lucas Martins",
            "registro": "ACS-009",
            "microarea": "Microárea K",
            "ativo": true,
            "telefone": "(11) 85555-5555"
          }
        ],
        "enfermeiro": {
          "nome": "Dr. Marcelo Silva",
          "registro": "COREN 345.678-ENF",
          "especializacao": "Gestão em Saúde",
          "telefone": "(11) 84444-4444"
        },
        "medico": {
          "nome": "Dr. Antonio Pereira",
          "registro": "CRM 67.890-SP",
          "especializacao": "Clínica Médica e Saúde da Família",
          "telefone": "(11) 83333-3333"
        }
      }
    }
  ]
}
